{
  "norm_stats": {
    "state": {
      "mean": [
        0.09999997168779373,
        0.19999994337558746,
        0.03999999538064003,
        0.0,
        0.0,
        0.0,
        1.0,
        0.16051024198532104,
        -0.13464049994945526,
        0.03864460065960884,
        0.0035789937246590853,
        -0.07663974165916443,
        -0.002574814949184656,
        0.7818716168403625,
        0.750734269618988
      ],
      "std": [
        0.00007475249731214717,
        0.00014950499462429434,
        0.0000215791860682657,
        0.0,
        0.0,
        0.0,
        0.0,
        0.07273097336292267,
        0.07683204859495163,
        0.005777280777692795,
        0.014935719780623913,
        0.08671992272138596,
        0.06324639171361923,
        0.4129750430583954,
        0.03852628916501999
      ],
      "q01": [
        0.10000000149011612,
        0.20000000298023224,
        0.03999999910593033,
        0.0,
        0.0,
        0.0,
        1.0,
        0.10000000149011612,
        -0.20000000298023224,
        0.023485344584658743,
        -0.041865104131400585,
        -0.23813278331756593,
        -0.1978476370573044,
        0.0,
        0.699999988079071
      ],
      "q99": [
        0.10000000149011612,
        0.20000000298023224,
        0.03999999910593033,
        0.0,
        0.0,
        0.0,
        1.0,
        0.34162050531059507,
        0.05025531782507897,
        0.05309829309433699,
        0.05260082852840425,
        -0.00005019662380217893,
        0.21359991163015368,
        0.9998,
        0.7799839713931084
      ]
    },
    "actions": {
      "mean": [
        0.09999959170818329,
        0.19999918341636658,
        0.040000174194574356,
        0.0,
        0.0,
        0.0,
        1.0,
        0.16050997376441956,
        -0.1346401423215866,
        0.0386447049677372,
        0.003578992560505867,
        -0.07663967460393906,
        -0.002574819140136242,
        0.7818722724914551,
        0.038762710988521576,
        0.00155113625805825,
        0.0002889089228119701,
        0.7507336735725403
      ],
      "std": [
        0.0003532665141392499,
        0.0007065330282784998,
        0.0,
        0.0,
        0.0,
        0.0,
        0.0,
        0.07273129373788834,
        0.07683299481868744,
        0.0057769580744206905,
        0.014935717917978764,
        0.08671989291906357,
        0.06324644386768341,
        0.41297459602355957,
        0.08491939306259155,
        0.02617616206407547,
        0.036021582782268524,
        0.03853943571448326
      ],
      "q01": [
        0.10000000149011612,
        0.20000000298023224,
        0.03999999910593033,
        0.0,
        0.0,
        0.0,
        1.0,
        0.10000000149011612,
        -0.20000000298023224,
        0.023497823703289032,
        -0.04189467093348503,
        -0.23813278331756593,
        -0.1978476370573044,
        0.0,
        0.0,
        -0.08603624311685562,
        -0.12742640521526338,
        0.699999988079071
      ],
      "q99": [
        0.10000000149011612,
        0.20000000298023224,
        0.03999999910593033,
        0.0,
        0.0,
        0.0,
        1.0,
        0.34162050531059507,
        0.05025531782507897,
        0.05309829309433699,
        0.05260082852840425,
        -0.00005019662380217893,
        0.21359991163015368,
        0.9998,
        0.29171824382543565,
        0.11116911686062814,
        0.12857706824541093,
        0.7799839713931084
      ]
    }
  }
}